<?xml version="1.0" encoding="UTF-8"?>
<backup extension-name="JSN ImageShow" extension-edition="FREE" extension-version="4.9.0" joomla-version="3.4.1"><tables><table name="#__imageshow_showlist"><rows><row><showlist_id>1</showlist_id><showlist_title>advantages</showlist_title><published>1</published><override_title>0</override_title><override_description>0</override_description><override_link>0</override_link><ordering>1</ordering><access>1</access><hits>0</hits><description/><showlist_link/><alter_autid>0</alter_autid><date_create>0000-00-00 00:00:00</date_create><image_source_type>folder</image_source_type><image_source_name>folder</image_source_name><image_source_profile_id>0</image_source_profile_id><authorization_status>0</authorization_status><date_modified>0000-00-00 00:00:00</date_modified><image_loading_order>forward</image_loading_order><show_exif_data>no</show_exif_data></row></rows></table><table name="#__imageshow_showcase"><rows><row><showcase_id>1</showcase_id><showcase_title>advant</showcase_title><published>1</published><ordering>1</ordering><general_overall_width>100%</general_overall_width><general_overall_height>450</general_overall_height><date_created>2015-06-03 21:06:29</date_created><date_modified>2015-06-03 21:06:05</date_modified></row><row><showcase_id>2</showcase_id><showcase_title>adv</showcase_title><published>1</published><ordering>2</ordering><general_overall_width>100%</general_overall_width><general_overall_height>450</general_overall_height><date_created>2015-06-03 21:06:03</date_created><date_modified>2015-06-03 21:06:03</date_modified></row></rows></table></tables></backup>
